image_path,theme_id,post_content,,,,,
/static/images/1_1.png,1,Can you believe it's Las Vegas in 1910s? What an evolution it has experienced!
/static/images/1_2.png,2,Tourists watch the fountain display at the Bellagio Hotel and Casino in 2002 in Las Vegas.
/static/images/1_3.png,3,"Suspended high above the mist-shrouded peaks of Huangshan Mountain, the Huangshan Glass Bridge offers visitors a dizzying panorama of the surrounding landscape."
/static/images/1_4.png,4,Can you believe it's a real bridge in Japan? It definitely takes some courage to drive on that bridge.
/static/images/1_5.png,5,Many women in Bangladesh still need to travel long distance for clean water.
/static/images/1_6.png,6,The haunting underwater photos portray climate change in a new way.
/static/images/1_7.png,7,The haunting underwater photos portray climate change in a new way.
/static/images/1_8.png,8,"Images for the eclipse taken on April, 8 2024 are all over the internet."
/static/images/1_9.png,9,Experts suggest Lunchables are not a healthy option for kids and shouldnâ€™t be allowed on the school lunch menu.
/static/images/1_10.png,10,This image is taken one year after Notre Dame on fire. 
/static/images/1_11.png,11,This image is taken one when Notre Dame was on fire. 
/static/images/1_12.png,12,A woman plays with water as she celebrates the the Thai New Year in Bangkok.
/static/images/1_13.png,13,US consumerâ€™s inflation expectations increase.
/static/images/1_14.png,14,People were viewing the eclipse in Mexico.
/static/images/1_15.png,15,Cherry blossom in Japan this year.
/static/images/1_16.png,16,Cherry blossom in Japan this year. 
/static/images/1_17.png,17,Consumer sentiment stayed steady in despite uptick in inflation.
/static/images/1_18.png,18,Disney's ships sail to ports across the Caribbean.
/static/images/1_19.png,19,Joe Biden will cancel $7.4bn in student debt
/static/images/1_20.png,20,"County Hall, Mold. Designed by architect Robert Harvey. Built 1967."
/static/images/2_1.png,1,"Trump's ready to hit the stand like it's his own reality showâ€”truth or not, he's making it must-see TV!"
/static/images/2_2.png,2,When your squad's outfits are on point and the karaoke track hits just right. ðŸŽ¤âœ¨ #SquadGoals #KaraokeKings
/static/images/2_3.png,3,"Behind every great speech, there's a great VP ready with the applause. ðŸ‘ #Clapback #StateOfTheUnion"
/static/images/2_4.png,4,"New cat-flavored ice cream: looks grumpy, tastes purr-fect. ðŸ¦ðŸ˜¾ #CatScoop #IceCreamTruck"
/static/images/2_5.png,5,Newark just made history as the first NJ city to let 16-year-olds vote for school board! Because shaping education shouldn't have an age limit. ðŸ—³ï¸ðŸŽ“ #YouthVote #NewarkLeads
/static/images/2_6.png,6,Looks like the school bus is auditioning for a role in 'River Runs Through It.' ðŸšŒðŸ’¦ #ExtremeCarpool
/static/images/2_7.png,7,Who needs a bus pass when you've got the express lane to algebra class? ðŸš—ðŸ’¨ #GolfCartGlide #EcoFriendlyCommute
/static/images/2_8.png,8,When you tell your dog he's in charge for a minute and the sheep traffic goes baaa-d. ðŸ‘ðŸš¦ #RushHourOnTheFarm
/static/images/2_9.png,9,When you ask for fresh milk at the bank and they take customer service to the next level. ðŸ„ðŸ’¦ #MilkRun #BankingUnusual
/static/images/2_10.png,10,Taking the term 'pet-friendly transportation' to a whole new level. ðŸš²ðŸ± #CatsOfThePark #EcoPaws
/static/images/2_11.png,11,When you take the whole 'clean getaway' thing a little too literally. ðŸ˜·âœ¨
/static/images/2_12.png,12,"Medieval meets modern: A knight's steed and a throne, but make it casual. â„ï¸ðŸŽ #ChillRide"
/static/images/2_13.png,13,Brooklyn's skies just got a lot more interesting. 700 pigeons + tiny lights = a performance art salute to NYC's nights. ðŸ¦âœ¨ #FlyByNight
/static/images/2_14.png,14,Outback adventure at Paradise Country: tourists getting a glimpse of Aussie tradition with sheep shearing and ram parades! ðŸ‘âœ‚ï¸ðŸŒ¾ #FarmLifeDownUnder
/static/images/2_15.png,15,"Europe's age-old journeyman tradition lives on, with tradespeople trekking for skills and stories in iconic garb. ðŸ› ï¸ðŸŒ #ModernMedieval"
/static/images/2_16.png,16,The haka powhiri is a traditional Maori dance and chant performed as a welcoming gesture. #HakaPowhiri
/static/images/2_17.png,17,Get ready to get creative with noodles â€“ the options are endless and just waiting for you to explore! ðŸœâœ¨ #NoodleInnovation
/static/images/2_18.png,18,"Egg noodles are perfect for chicken or turkey noodle soup, where their wide, sturdy shape holds up well against hearty chunks of meat and veggies. ðŸ²ðŸ¥¢ #SoupSeason"
/static/images/2_19.png,19,"UConn triumphs over Purdue, clinching the men's Final Four championship in Glendale, AZ. Celebrations erupt as the team claims victory! ðŸ€ðŸŽ‰ #UConnWins"
/static/images/2_20.png,20,"LeBron James amps up before a game with his iconic chalk toss, a ritual that helps players grip the basketball better. ðŸ€ðŸ’¨ #LeBronChalkToss"
